name,product,url,title,company,last_date,last_event,event_count
Simon Powell,cath,https://www.linkedin.com/in/simondpowell/,Director of Faith Formation,,2026-10-07,blank_connect_sent,1
Sean Stevenson,gov,https://www.linkedin.com/in/sean-stevenson-3594313/,Capture Manager at Abt Global,,2026-10-07,blank_connect_sent,1
Rupinder Yadav,gov,https://www.linkedin.com/in/rupinder-yadav-1a28551aa,,,2026-10-07,accepted,3
Paul Fallon,op,https://www.linkedin.com/in/paul-fallon-37130a4/,Political & Public Opinion Researcher,,2026-10-07,blank_connect_sent,1
Nicholas Sterba,gov,https://www.linkedin.com/in/nicholas-sterba-036199b5,,,2026-10-07,accepted,3
Monte Newton,gov,https://www.linkedin.com/in/monte-newton-061a20360,,,2026-10-07,accepted,3
Michael Broudo,sec,https://www.linkedin.com/in/michael-broudo-707229b/,Analyst - Event-Driven Equities at Oppenheimer,,2026-10-07,blank_connect_sent,1
"Marc Riddick, CFA",sec,https://www.linkedin.com/in/marc-riddick-cfa-b44201b/,Sr. Equity Analyst at Sidoti & Company,,2026-10-07,blank_connect_sent,1
Leonardo Gomez,pps,https://www.linkedin.com/in/lgomezintel/,"Senior Risk Analyst, U.S.-China Policy / Strategic Intelligence",,2026-10-07,blank_connect_sent,1
Kelly Gadzinski,rr,https://www.linkedin.com/in/kellygadzinski/,"Executive resumes, career coaching and interview prep; former Fortune 200 HR leader",,2026-10-07,blank_connect_sent,1
Jennifer Hardee,cath,https://www.linkedin.com/in/jenniferhardee/,Adult Faith Formation Director at Our Lady of Angels Catholic Church,,2026-10-07,blank_connect_sent,1
George Orrison,gov,https://www.linkedin.com/in/georgeorrisoniv/,Senior Capture Manager - C5ISR (Sev1Tech),,2026-10-07,blank_connect_sent,1
Clydea Perkins-Allaire,gov,https://www.linkedin.com/in/allairesconsulting,,,2026-10-07,accepted,3
Bill Townsend,gov,https://www.linkedin.com/in/bill-townsend-87807a1a3/,"Business Development and Capture Professional (ex-Capture Manager at PingWind, SDVOSB)",,2026-10-07,blank_connect_sent,1
Andrew Anuk,pps,https://www.linkedin.com/in/andrew-anuk-2592403a7/,Principal Political & Country Risk Analyst,,2026-10-07,blank_connect_sent,1
Alexander Hirsch,pps,https://www.linkedin.com/in/alexander-hirsch-752218178/,,,2026-10-07,accepted,3
Abhi Nagaraja,gov,https://www.linkedin.com/in/abhi-nagaraja-5b5118a3,,,2026-10-07,accepted,3
.Matt Gammon,op,https://www.linkedin.com/in/matttgammon/,"Public Opinion Research, Fundraising Research, Political Polling",,2026-10-07,blank_connect_sent,1
Yigit Guney,gov,,,,2026-10-06,dm_sent,1
"Yi Liu, CFA",sec,https://www.linkedin.com/in/yi-liu-cfa-a6817416/,,,2026-10-06,blank_connect_sent,1
Tom Rudovsky,sec,https://www.linkedin.com/in/tom-rudovsky-9aa1691a0/,,,2026-10-06,blank_connect_sent,1
St Cyr Luttmer,op,https://www.linkedin.com/in/stcyrluttmer/,,,2026-10-06,blank_connect_sent,1
Sia Floyd,gov,https://www.linkedin.com/in/sia-floyd-anteantechnology,,,2026-10-06,blank_connect_sent,1
Sheena Parker,gov,https://www.linkedin.com/in/sheenaparker,,,2026-10-06,blank_connect_sent,1
Sarah Petit,gov,https://www.linkedin.com/in/sarah-petit-91534225,,,2026-10-06,blank_connect_sent,1
Rodney Fuller,gov,https://www.linkedin.com/in/rodney-fuller-cissp-pmp-49b1018,,,2026-10-06,blank_connect_sent,1
"Rinkesh Dubey, CFA",sec,https://www.linkedin.com/in/rinkesh-dubey-cfa-25687a/,,,2026-10-06,blank_connect_sent,1
Renee A. McClennon,gov,https://www.linkedin.com/in/renee-mcclennon,,,2026-10-06,blank_connect_sent,1
Phill Rinaldo,gov,https://www.linkedin.com/in/phillrinaldo,,,2026-10-06,blank_connect_sent,1
Norm Andersson,gov,https://www.linkedin.com/in/norm-andersson,,,2026-10-06,blank_connect_sent,1
Nichelle Early,gov,https://www.linkedin.com/in/nichelleearly,,,2026-10-06,skipped,1
"Nancy Friend-Schnurpel, SPHR, ACC",rr,https://www.linkedin.com/in/nancy-friend-schnurpel/,,,2026-10-06,blank_connect_sent,1
Melissa De Jesus,cath,https://www.linkedin.com/in/melissa-dejesus/,,,2026-10-06,blank_connect_sent,1
Matthew Thai,cath,https://www.linkedin.com/in/matthew-thai/,,,2026-10-06,blank_connect_sent,1
Mari Kitamura,op,https://www.linkedin.com/in/marikitamura/,,,2026-10-06,blank_connect_sent,1
Madina Shaik,gov,https://www.linkedin.com/in/madina-shaik,,,2026-10-06,dm_sent,2
"Julie Jelonek, SHRM-SCP",rr,https://www.linkedin.com/in/juliejelonek/,,,2026-10-06,blank_connect_sent,1
Joseph Anderson,gov,https://www.linkedin.com/in/joseph-anderson-mba-ms-csm-mism-4a89293b,,,2026-10-06,blank_connect_sent,1
Jon M Kjartansson,sec,https://www.linkedin.com/in/jonkjartansson/,,,2026-10-06,blank_connect_sent,1
Janis Garcia Keating,gov,https://www.linkedin.com/in/janis-garcia-keating-pmp-pmi-acp-safe-sa-9542b71,,,2026-10-06,blank_connect_sent,1
Jana P.,op,https://www.linkedin.com/in/janaparshikova/,,,2026-10-06,blank_connect_sent,1
Helleni Moon,gov,https://www.linkedin.com/in/hellenimoon,,,2026-10-06,blank_connect_sent,1
Gene Garcia,cath,https://www.linkedin.com/in/gene-garcia-5078559/,,,2026-10-06,blank_connect_sent,1
Gabe Wander,gov,https://www.linkedin.com/in/gabewander,,,2026-10-06,dm_sent,2
Florian Moser,pps,https://www.linkedin.com/in/moser-florian/,,,2026-10-06,blank_connect_sent,1
Eronica Dew,gov,https://www.linkedin.com/in/eronicadew,,,2026-10-06,skipped,1
Eileen Springer,rr,https://www.linkedin.com/in/eileen-springer/,,,2026-10-06,blank_connect_sent,1
David Whitt,gov,https://www.linkedin.com/in/mrdavidrwhitt,,,2026-10-06,blank_connect_sent,1
Dane Dungee,gov,https://www.linkedin.com/in/danedungee,,,2026-10-06,blank_connect_sent,1
Craig Wilson,gov,https://www.linkedin.com/in/craig-wilson-004319a3,,,2026-10-06,blank_connect_sent,1
Craig Mount,gov,https://www.linkedin.com/in/craigmount,,,2026-10-06,blank_connect_sent,1
Christopher Leatherman,pps,https://www.linkedin.com/in/christopher-leatherman/,,,2026-10-06,blank_connect_sent,1
Carlos Cintron,gov,https://www.linkedin.com/in/ccintron,,,2026-10-06,blank_connect_sent,1
Brittany Wells,gov,https://www.linkedin.com/in/brittanywells,,,2026-10-06,skipped,1
Bob Gallagher,cath,https://www.linkedin.com/in/bob-gallagher-097a4623/,,,2026-10-06,blank_connect_sent,1
Barbara A. Gray,gov,https://www.linkedin.com/in/barbara-gray-0357595,,,2026-10-06,blank_connect_sent,1
Ari Perez,gov,https://www.linkedin.com/in/ari-perez,,,2026-10-06,skipped,1
Anthony Inzalaco,pps,https://www.linkedin.com/in/anthony-inzalaco/,,,2026-10-06,blank_connect_sent,1
Andy F.,op,https://www.linkedin.com/in/andytflores/,,,2026-10-06,blank_connect_sent,1
Aisha Niazi,gov,https://www.linkedin.com/in/aishaniazi,,,2026-10-06,blank_connect_sent,1
Adriana Iglesias,gov,https://www.linkedin.com/in/adriana-iglesias-9884297,,,2026-10-06,blank_connect_sent,1
Aaron Moak,gov,https://www.linkedin.com/in/aaron-moak-96bb1634,,,2026-10-06,skipped,1
William Dandridge,gov,https://www.linkedin.com/in/william-dandridge,,,2026-10-05,blank_connect_sent,1
Sarah Fahden,gov,https://www.linkedin.com/in/sarahfahden,,,2026-10-05,skipped,1
Monalisha Mishra,gov,https://www.linkedin.com/in/monalishamishra,,,2026-10-05,blank_connect_sent,1
Matthew Grays,gov,https://www.linkedin.com/in/matthew-grays-14637053,,,2026-10-05,blank_connect_sent,1
Kathy Chao,gov,https://www.linkedin.com/in/kathykchao,,,2026-10-05,blank_connect_sent,1
Jeri Prophet,gov,https://www.linkedin.com/in/jeriprophet,,,2026-10-05,blank_connect_sent,1
J “Tech” Risi III,gov,https://www.linkedin.com/in/joserisi,,,2026-10-05,blank_connect_sent,1
Hannah Thomas,gov,,,,2026-10-05,dm_sent,1
Gisela Ghani,gov,https://www.linkedin.com/in/gisela-ghani-2bb8845,,,2026-10-05,blank_connect_sent,1
Eric Chan,gov,,,,2026-10-05,dm_sent,1
Daniel Gavilan,gov,https://www.linkedin.com/in/danielgavilan786,,,2026-10-05,blank_connect_sent,1
Aubrey Hinds,gov,https://www.linkedin.com/in/aubrey-hinds-275a914,,,2026-10-05,blank_connect_sent,1
Amit Yadav,gov,https://www.linkedin.com/in/amit-yadav-techsur,,,2026-10-05,blank_connect_sent,1
Al Sowers,gov,https://www.linkedin.com/in/al-sowers,,,2026-10-05,blank_connect_sent,1
Kathleen Hornik,gov,,,,2026-10-02,dm_sent,1
Daniel Woosley,gov,,,,2026-10-02,dm_sent,1
